{
  "cats": {
    "precision": 0.8972712680577849,
    "recall": 0.8944,
    "f1-score": 0.8958333333333334,
    "support": 1250.0
  },
  "dogs": {
    "precision": 0.8948207171314742,
    "recall": 0.8976818545163869,
    "f1-score": 0.8962490023942538,
    "support": 1251.0
  },
  "accuracy": 0.8960415833666533,
  "macro avg": {
    "precision": 0.8960459925946296,
    "recall": 0.8960409272581935,
    "f1-score": 0.8960411678637936,
    "support": 2501.0
  },
  "weighted avg": {
    "precision": 0.89604550268041,
    "recall": 0.8960415833666533,
    "f1-score": 0.8960412509643656,
    "support": 2501.0
  }
}